[
    {
        "symbol":"BTCUSDT",
        "stepSize":5,
        "icon":"btc.svg"
    },
    {
        "symbol":"BNBUSDT",
        "stepSize":3,
         "icon":"bnb.svg"
    },
    {
        "symbol":"TRXUSDT",
        "stepSize":5,
         "icon":"trx.svg"
    },
    {
        "symbol":"ETHUSDT",
        "stepSize":4,
         "icon":"eth.svg"
    },
    {
        "symbol":"NEOUSDT",
        "stepSize":2,
         "icon":"neo.svg"
    },
    {
        "symbol":"LTCUSDT",
        "stepSize":2,
        "icon":"ltc.svg"
    },
    {
        "symbol":"QTUMUSDT",
        "stepSize":3,
        "icon":"qtum.svg"
    },
    {
        "symbol":"ADAUSDT",
        "stepSize":4,
        "icon":"ada.svg"
    },
    {
        "symbol":"XRPUSDT",
        "stepSize":4,
        "icon":"xrp.svg"
    },
    {
        "symbol":"EOSUSDT",
        "stepSize":4,
        "icon":"eos.svg"
    },
    {
        "symbol":"TUSDUSDT",
        "stepSize":4,
        "icon":"tusd.svg"
    },
    {
        "symbol":"IOTAUSDT",
        "stepSize":4,
        "icon":"iota.svg"
    },
    {
        "symbol":"XLMUSDT",
        "stepSize":4,
        "icon":"xlm.svg"
    },
    {
        "symbol":"ONTUSDT",
        "stepSize":4,
        "icon":"ont.svg"
    },
    {
        "symbol":"ICXUSDT",
        "stepSize":4,
        "icon":"icx.svg"
    },
    {
        "symbol":"NULSUSDT",
        "stepSize":4,
        "icon":"nuls.svg"
    },
    {
        "symbol":"VETUSDT",
        "stepSize":5,
        "icon":"vet.svg"
    },
    {
        "symbol":"NPFUSDT",
        "stepSize":3,
        "icon":"npf.svg"
    },
    {
        "symbol":"SCRUSDT",
        "stepSize":1,
        "icon":"scr.svg"
    },
    {
        "symbol":"DASHUSDT",
        "stepSize":3,
        "icon":"dash.svg"
    },
    {
        "symbol":"LINKUSDT",
        "stepSize":2,
        "icon":"link.svg"
    },
    {
        "symbol":"BTTUSDT",
        "stepSize":1,
        "icon":"btt.svg"
    },
    {
        "symbol":"ONGUSDT",
        "stepSize":1,
        "icon":"ong.svg"
    },
    {
        "symbol":"ZILUSDT",
        "stepSize":1,
        "icon":"zil.svg"
    },
    {
        "symbol":"FETUSDT",
        "stepSize":1,
        "icon":"fet.svg"
    },
    {
        "symbol":"HOTUSDT",
        "stepSize":1,
        "icon":"hot.svg"
    },
    {
        "symbol":"ZRXUSDT",
        "stepSize":1,
        "icon":"zrx.svg"
    },
    {
        "symbol":"ENJUSDT",
        "stepSize":1,
        "icon":"enj.svg"
    }
]
