[
    {
        "symbol":"BTCUSDT",
        "stepSize":3,
        "tickSize":1,
        "icon":"btc.svg"
    },
    {
        "symbol":"BNBUSDT",
        "stepSize":2,
        "tickSize":2,
        "icon":"bnb.svg"
    },
    {
        "symbol":"TRXUSDT",
        "stepSize":0,
        "tickSize":5,
         "icon":"trx.svg"
    },
    {
        "symbol":"ETHUSDT",
        "stepSize":3,
        "tickSize":2,
         "icon":"eth.svg"
    },
    {
        "symbol":"NEOUSDT",
        "stepSize":2,
        "tickSize":3,
         "icon":"neo.svg"
    },
    {
        "symbol":"LTCUSDT",
        "stepSize":3,
        "tickSize":2,
        "icon":"ltc.svg"
    },
    {
        "symbol":"QTUMUSDT",
        "stepSize":1,
        "tickSize":3,
        "icon":"qtum.svg"
    },
    {
        "symbol":"ADAUSDT",
        "stepSize":0,
        "tickSize":4,
        "icon":"ada.svg"
    },
    {
        "symbol":"XRPUSDT",
        "stepSize":1,
        "tickSize":4,
        "icon":"xrp.svg"
    },
    {
        "symbol":"EOSUSDT",
        "stepSize":1,
        "tickSize":3,
        "icon":"eos.svg"
    },
    {
        "symbol":"IOTAUSDT",
        "stepSize":1,
        "tickSize":4,
        "icon":"iota.svg"
    },
    {
        "symbol":"XLMUSDT",
        "stepSize":0,
        "tickSize":5,
        "icon":"xlm.svg"
    },
    {
        "symbol":"ONTUSDT",
        "stepSize":1,
        "tickSize":4,
        "icon":"ont.svg"
    },
    {
        "symbol":"ICXUSDT",
        "stepSize":0,
        "tickSize":4,
        "icon":"icx.svg"
    },
    {
        "symbol":"NULSUSDT",
        "stepSize":0,
        "tickSize":4,
        "icon":"nuls.svg"
    },
    {
        "symbol":"VETUSDT",
        "stepSize":0,
        "tickSize":6,
        "icon":"vet.svg"
    },
    {
        "symbol":"NPFUSDT",
        "stepSize":3,
        "tickSize":3,
        "icon":"npf.svg"
    },
    {
        "symbol":"YFIUSDT",
        "stepSize":3,
        "tickSize":0,
        "icon":"yfi.svg"
    }
]